email, password, role
lead987@gmail.com, lead987, EMPLOYEE
lead654@gmail.com, lead654, EMPLOYEE
lead321@gmail.com, lead321, EMPLOYEE
lead741@gmail.com, lead741, EMPLOYEE
lead852@gmail.com, lead852, EMPLOYEE
machenist987@gmail.com, machenist987, EMPLOYEE
machenist654@gmail.com, machenist654, EMPLOYEE
machenist321@gmail.com, machenist321, EMPLOYEE
machenist741@gmail.com, machenist741, EMPLOYEE
machenist852@gmail.com, machenist852, EMPLOYEE
machenistAssist987@gmail.com, machenistAssist987, EMPLOYEE
machenistAssist654@gmail.com, machenistAssist654, EMPLOYEE
machenistAssist321@gmail.com, machenistAssist321, EMPLOYEE
machenistAssist741@gmail.com, machenistAssist741, EMPLOYEE
machenistAssist852@gmail.com, machenistAssist852, EMPLOYEE
conductor1.1.987@gmail.com, conductor1.1.987, EMPLOYEE
conductor2.1.987@gmail.com, conductor2.1.987, EMPLOYEE
conductor1.2.987@gmail.com, conductor1.2.987, EMPLOYEE
conductor2.2.987@gmail.com, conductor2.2.987, EMPLOYEE
conductor1.3.987@gmail.com, conductor1.3.987, EMPLOYEE
conductor2.3.987@gmail.com, conductor2.3.987, EMPLOYEE
conductor1.4.987@gmail.com, conductor1.4.987, EMPLOYEE
conductor2.4.987@gmail.com, conductor2.4.987, EMPLOYEE
conductor1.5.987@gmail.com, conductor1.5.987, EMPLOYEE
conductor2.5.987@gmail.com, conductor2.5.987, EMPLOYEE
conductor1.6.987@gmail.com, conductor1.6.987, EMPLOYEE
conductor2.6.987@gmail.com, conductor2.6.987, EMPLOYEE
conductor1.7.987@gmail.com, conductor1.7.987, EMPLOYEE
conductor2.7.987@gmail.com, conductor2.7.987, EMPLOYEE
conductor1.1.654@gmail.com, conductor1.1.654, EMPLOYEE
conductor2.1.654@gmail.com, conductor2.1.654, EMPLOYEE
conductor1.2.654@gmail.com, conductor1.2.654, EMPLOYEE
conductor2.2.654@gmail.com, conductor2.2.654, EMPLOYEE
conductor1.3.654@gmail.com, conductor1.3.654, EMPLOYEE
conductor2.3.654@gmail.com, conductor2.3.654, EMPLOYEE
conductor1.4.654@gmail.com, conductor1.4.654, EMPLOYEE
conductor2.4.654@gmail.com, conductor2.4.654, EMPLOYEE
conductor1.5.654@gmail.com, conductor1.5.654, EMPLOYEE
conductor2.5.654@gmail.com, conductor2.5.654, EMPLOYEE
conductor1.1.321@gmail.com, conductor1.1.321, EMPLOYEE
conductor2.1.321@gmail.com, conductor2.1.321, EMPLOYEE
conductor1.2.321@gmail.com, conductor1.2.321, EMPLOYEE
conductor2.2.321@gmail.com, conductor2.2.321, EMPLOYEE
conductor1.3.321@gmail.com, conductor1.3.321, EMPLOYEE
conductor2.3.321@gmail.com, conductor2.3.321, EMPLOYEE
conductor1.1.741@gmail.com, conductor1.1.741, EMPLOYEE
conductor2.1.741@gmail.com, conductor2.1.741, EMPLOYEE
conductor1.2.741@gmail.com, conductor1.2.741, EMPLOYEE
conductor2.2.741@gmail.com, conductor2.2.741, EMPLOYEE
conductor1.3.741@gmail.com, conductor1.3.741, EMPLOYEE
conductor2.3.741@gmail.com, conductor2.3.741, EMPLOYEE
conductor1.4.741@gmail.com, conductor1.4.741, EMPLOYEE
conductor2.4.741@gmail.com, conductor2.4.741, EMPLOYEE
conductor1.1.852@gmail.com, conductor1.1.852, EMPLOYEE
conductor2.1.852@gmail.com, conductor2.1.852, EMPLOYEE
conductor1.2.852@gmail.com, conductor1.2.852, EMPLOYEE
conductor2.2.852@gmail.com, conductor2.2.852, EMPLOYEE
conductor1.3.852@gmail.com, conductor1.3.852, EMPLOYEE
conductor2.3.852@gmail.com, conductor2.3.852, EMPLOYEE
conductor1.4.852@gmail.com, conductor1.4.852, EMPLOYEE
conductor2.4.852@gmail.com, conductor2.4.852, EMPLOYEE
conductor1.5.852@gmail.com, conductor1.5.852, EMPLOYEE
conductor2.5.852@gmail.com, conductor2.5.852, EMPLOYEE